BankCreditRef,PaymentRef,GrossPaid,FeeCharged,FeeTax,NetPaid,SettlementDate,Currency,SourceBatch
FEB-SET-0039,FEB-PAY-0039,5700,119.7,21.55,5558.75,2026-02-09T09:53:00.000Z,INR,SET-202602-04
FEB-SET-0026,FEB-PAY-0026,4000,84,15.12,3900.88,2026-02-05T12:04:00.000Z,INR,SET-202602-04
FEB-SET-0031,FEB-PAY-0031,7725,162.23,29.2,7533.57,2026-02-26T12:59:00.000Z,INR,SET-202602-01
FEB-SET-0053,FEB-PAY-0053,9700,203.7,36.67,9459.63,2026-03-01T12:00:00.000Z,INR,SET-202602-04
FEB-SET-0051,FEB-PAY-0051,1775,37.28,6.71,1731.01,2026-02-15T09:05:00.000Z,INR,SET-202602-02
FEB-SET-0055,FEB-PAY-0055,6975,146.48,26.37,6802.15,2026-02-11T09:18:00.000Z,INR,SET-202602-02
FEB-SET-0047,FEB-PAY-0047,6550,137.55,24.76,6387.69,2026-02-10T09:24:00.000Z,INR,SET-202602-01
FEB-SET-0073,FEB-PAY-0073,4200,88.2,15.88,4095.92,2026-02-18T10:41:00.000Z,INR,SET-202602-01
FEB-SET-0007,FEB-PAY-0007,7725,162.23,29.2,7533.57,2026-02-15T11:50:00.000Z,INR,SET-202602-02
FEB-SET-0010,FEB-PAY-0010,1200,25.2,4.54,1170.26,2026-02-07T10:04:00.000Z,INR,SET-202602-02
FEB-SET-0045,FEB-PAY-0045,6750,141.75,25.52,6582.73,2026-02-03T11:06:00.000Z,INR,SET-202602-02
FEB-SET-0069,FEB-PAY-0069,1125,23.63,4.25,1097.12,2026-02-14T12:22:00.000Z,INR,SET-202602-01
FEB-SET-0059,FEB-PAY-0059,6450,135.45,24.38,6290.17,2026-02-24T11:56:00.000Z,INR,SET-202602-03
FEB-SET-0035,FEB-PAY-0035,900,18.9,3.4,877.7,2026-02-08T11:43:00.000Z,INR,SET-202602-03
FEB-SET-0063,FEB-PAY-0063,2475,51.98,9.36,2413.66,2026-02-27T12:28:00.000Z,INR,SET-202602-02
FEB-SET-0027,FEB-PAY-0027,7000,147,26.46,6826.54,2026-02-28T13:07:00.000Z,INR,SET-202602-03
FEB-SET-0012,FEB-PAY-0012,4950,103.95,18.71,4827.34,2026-02-04T13:42:00.000Z,INR,SET-202602-03
FEB-SET-0006,FEB-PAY-0006,3050,64.05,11.53,2974.42,2026-03-01T10:12:00.000Z,INR,SET-202602-04
FEB-SET-0037,FEB-PAY-0037,5050,106.05,19.09,4924.86,2026-02-14T13:49:00.000Z,INR,SET-202602-01
FEB-SET-0018,FEB-PAY-0018,6725,141.23,25.42,6558.35,2026-02-15T13:52:00.000Z,INR,SET-202602-02
FEB-SET-0064,FEB-PAY-0064,7500,157.5,28.35,7314.15,2026-02-15T11:15:00.000Z,INR,SET-202602-02
FEB-SET-0036,FEB-PAY-0036,950,19.95,3.59,926.46,2026-02-22T10:46:00.000Z,INR,SET-202602-01
FEB-SET-0017,FEB-PAY-0017,400,8.4,1.51,390.09,2026-02-28T10:57:00.000Z,INR,SET-202602-03
FEB-SET-0033,FEB-PAY-0033,7100,149.1,26.84,6924.06,2026-02-28T11:20:00.000Z,INR,SET-202602-03
FEB-SET-0072,FEB-PAY-0072,3025,63.53,11.44,2950.03,2026-02-25T10:50:00.000Z,INR,SET-202602-04
FEB-SET-0034,FEB-PAY-0034,4100,86.1,15.5,3998.4,2026-02-26T13:04:00.000Z,INR,SET-202602-01
FEB-SET-0067,FEB-PAY-0067,3650,76.65,13.8,3559.55,2026-02-27T13:48:00.000Z,INR,SET-202602-02
FEB-SET-0014,FEB-PAY-0014,600,12.6,2.27,585.13,2026-02-18T09:39:00.000Z,INR,SET-202602-01
FEB-SET-0061,FEB-PAY-0061,6950,145.95,26.27,6777.78,2026-02-15T13:05:00.000Z,INR,SET-202602-02
FEB-SET-0074,FEB-PAY-0074,1050,22.05,3.97,1023.98,2026-02-10T09:43:00.000Z,INR,SET-202602-01
FEB-SET-0048,FEB-PAY-0048,9450,198.45,35.72,9215.83,2026-02-26T11:16:00.000Z,INR,SET-202602-01
FEB-SET-0044,FEB-PAY-0044,8350,175.35,31.56,8143.09,2026-02-06T09:34:00.000Z,INR,SET-202602-01
FEB-SET-0021,FEB-PAY-0021,2450,51.45,9.26,2389.29,2026-02-09T11:05:00.000Z,INR,SET-202602-04
FEB-SET-0022,FEB-PAY-0022,8425,176.93,31.85,8216.22,2026-02-18T12:17:00.000Z,INR,SET-202602-01
FEB-SET-0038,FEB-PAY-0038,6650,139.65,25.14,6485.21,2026-02-15T13:29:00.000Z,INR,SET-202602-02
FEB-SET-0054,FEB-PAY-0054,3800,79.8,14.36,3705.84,2026-02-27T13:05:00.000Z,INR,SET-202602-02
FEB-SET-0057,FEB-PAY-0057,900,18.9,3.4,877.7,2026-02-18T13:17:00.000Z,INR,SET-202602-01
FEB-SET-0028,FEB-PAY-0028,4625,97.13,17.48,4510.39,2026-02-21T13:09:00.000Z,INR,SET-202602-04
FEB-SET-0015,FEB-PAY-0015,7350,154.35,27.78,7167.87,2026-02-21T09:57:00.000Z,INR,SET-202602-04
FEB-SET-0008,FEB-PAY-0008,6450,135.45,24.38,6290.17,2026-02-06T09:49:00.000Z,INR,SET-202602-01
FEB-SET-0046,FEB-PAY-0046,7200,151.2,27.22,7021.58,2026-02-19T13:16:00.000Z,INR,SET-202602-02
FEB-SET-0058,FEB-PAY-0058,4025,84.53,15.22,3925.25,2026-02-17T13:54:00.000Z,INR,SET-202602-04
FEB-SET-0032,FEB-PAY-0032,825,17.33,3.12,804.55,2026-02-27T13:24:00.000Z,INR,SET-202602-02
FEB-SET-0071,FEB-PAY-0071,850,17.85,3.21,828.94,2026-02-10T12:33:00.000Z,INR,SET-202602-01
FEB-SET-0060,FEB-PAY-0060,4225,88.73,15.97,4120.3,2026-02-20T12:46:00.000Z,INR,SET-202602-03
FEB-SET-0068,FEB-PAY-0068,800,16.8,3.02,780.18,2026-02-21T09:58:00.000Z,INR,SET-202602-04
FEB-SET-0024,FEB-PAY-0024,1875,39.38,7.09,1828.53,2026-02-25T13:14:00.000Z,INR,SET-202602-04
FEB-SET-0020,FEB-PAY-0020,1000,21,3.78,975.22,2026-02-27T10:23:00.000Z,INR,SET-202602-02
FEB-SET-0003,FEB-PAY-0003,7225,151.73,27.31,7045.96,2026-02-07T09:09:00.000Z,INR,SET-202602-02
FEB-SET-0052,FEB-PAY-0052,2925,61.43,11.06,2852.51,2026-02-03T10:50:00.000Z,INR,SET-202602-02
FEB-SET-0025,FEB-PAY-0025,5950,124.95,22.49,5802.56,2026-02-25T13:52:00.000Z,INR,SET-202602-04
FEB-SET-0070,FEB-PAY-0070,4500,94.5,17.01,4388.49,2026-02-23T11:21:00.000Z,INR,SET-202602-02
FEB-SET-0076,FEB-PAY-0076,8800,184.8,33.26,8581.94,2026-02-20T11:36:00.000Z,INR,SET-202602-03
FEB-SET-0002,FEB-PAY-0002,5225,109.73,19.75,5095.52,2026-02-07T10:52:00.000Z,INR,SET-202602-02
FEB-SET-0019,FEB-PAY-0019,2800,58.8,10.58,2730.62,2026-02-26T12:28:00.000Z,INR,SET-202602-01
FEB-SET-0030,FEB-PAY-0030,4325,90.83,16.35,4217.82,2026-02-12T10:39:00.000Z,INR,SET-202602-03
FEB-SET-0023,FEB-PAY-0023,8400,176.4,31.75,8191.85,2026-02-12T12:54:00.000Z,INR,SET-202602-03
FEB-SET-0066,FEB-PAY-0066,450,9.45,1.7,438.85,2026-02-21T11:17:00.000Z,INR,SET-202602-04
FEB-SET-0009,FEB-PAY-0009,4700,98.7,17.77,4583.53,2026-02-21T10:53:00.000Z,INR,SET-202602-04
FEB-SET-0029,FEB-PAY-0029,7525,158.03,28.45,7338.52,2026-02-23T12:54:00.000Z,INR,SET-202602-02
FEB-SET-0041,FEB-PAY-0041,4825,101.33,18.24,4705.43,2026-02-09T10:30:00.000Z,INR,SET-202602-04
FEB-SET-0005,FEB-PAY-0005,5350,112.35,20.22,5217.43,2026-02-19T10:06:00.000Z,INR,SET-202602-02
FEB-SET-0040,FEB-PAY-0040,8975,188.48,33.93,8752.59,2026-02-22T09:42:00.000Z,INR,SET-202602-01
FEB-SET-0075,FEB-PAY-0075,9700,203.7,36.67,9459.63,2026-02-04T10:50:00.000Z,INR,SET-202602-03
FEB-SET-0049,FEB-PAY-0049,9575,201.08,36.19,9337.73,2026-02-10T13:14:00.000Z,INR,SET-202602-01
FEB-SET-0043,FEB-PAY-0043,5925,124.43,22.4,5778.17,2026-02-19T10:53:00.000Z,INR,SET-202602-02
FEB-SET-0004,FEB-PAY-0004,8450,177.45,31.94,8240.61,2026-02-15T11:04:00.000Z,INR,SET-202602-02
FEB-SET-0001,FEB-PAY-0001,9550,200.55,36.1,9313.35,2026-03-02T10:44:00.000Z,INR,SET-202602-01
FEB-SET-0042,FEB-PAY-0042,3225,67.73,12.19,3145.08,2026-03-02T11:13:00.000Z,INR,SET-202602-01
FEB-SET-0016,FEB-PAY-0016,9000,189,34.02,8776.98,2026-02-07T12:25:00.000Z,INR,SET-202602-02
FEB-SET-0011,FEB-PAY-0011,3825,80.33,14.46,3730.21,2026-02-15T13:01:00.000Z,INR,SET-202602-02
FEB-SET-0065,FEB-PAY-0065,3250,68.25,12.29,3169.46,2026-02-17T09:19:00.000Z,INR,SET-202602-04
FEB-SET-0056,FEB-PAY-0056,6050,127.05,22.87,5900.08,2026-02-12T09:10:00.000Z,INR,SET-202602-03
FEB-SET-0050,FEB-PAY-0050,750,15.75,2.84,731.41,2026-02-20T09:16:00.000Z,INR,SET-202602-03
FEB-SET-0062,FEB-PAY-0062,725,15.23,2.74,707.03,2026-02-25T13:16:00.000Z,INR,SET-202602-04
FEB-SET-0013,FEB-PAY-0013,3150,66.15,11.91,3071.94,2026-02-15T12:30:00.000Z,INR,SET-202602-02
