OrderRef,BranchCode,GrossAmount,SaleTimestamp,Currency,LocationName,SourceBatch
FEB-ORD-0033,NAG-F05,7100,2026-02-26T11:20:00.000Z,INR,Dharampeth,BATCH-202602-02
FEB-ORD-0058,PUN-F03,4025,2026-02-15T13:54:00.000Z,INR,Baner,BATCH-202602-01
FEB-ORD-0007,MUM-F01,7725,2026-02-13T11:50:00.000Z,INR,Andheri,BATCH-202602-04
FEB-ORD-0035,PUN-F03,900,2026-02-06T11:43:00.000Z,INR,Baner,BATCH-202602-02
FEB-ORD-0064,PUN-F03,7500,2026-02-13T11:15:00.000Z,INR,Baner,BATCH-202602-04
FEB-ORD-0043,NAG-F05,5925,2026-02-17T10:53:00.000Z,INR,Dharampeth,BATCH-202602-03
FEB-ORD-0053,MUM-F01,9700,2026-02-27T12:00:00.000Z,INR,Andheri,BATCH-202602-03
FEB-ORD-0062,MUM-F04,725,2026-02-23T13:16:00.000Z,INR,Bandra,BATCH-202602-04
FEB-ORD-0024,MUM-F01,1875,2026-02-23T13:14:00.000Z,INR,Andheri,BATCH-202602-04
FEB-ORD-0047,PUN-F03,6550,2026-02-08T09:24:00.000Z,INR,Baner,BATCH-202602-04
FEB-ORD-0009,MUM-F01,4700,2026-02-19T10:53:00.000Z,INR,Andheri,BATCH-202602-05
FEB-ORD-0071,MUM-F01,850,2026-02-08T12:33:00.000Z,INR,Andheri,BATCH-202602-04
FEB-ORD-0004,PUN-F03,8450,2026-02-13T11:04:00.000Z,INR,Baner,BATCH-202602-04
FEB-ORD-0045,MUM-F01,6750,2026-02-01T11:06:00.000Z,INR,Andheri,BATCH-202602-02
FEB-ORD-0037,PUN-F03,5050,2026-02-12T13:49:00.000Z,INR,Baner,BATCH-202602-03
FEB-ORD-0034,PUN-F03,4100,2026-02-24T13:04:00.000Z,INR,Baner,BATCH-202602-05
FEB-ORD-0022,MUM-F01,8425,2026-02-16T12:17:00.000Z,INR,Andheri,BATCH-202602-02
FEB-ORD-0072,MUM-F04,3025,2026-02-23T10:50:00.000Z,INR,Bandra,BATCH-202602-04
FEB-ORD-0066,MUM-F01,450,2026-02-19T11:17:00.000Z,INR,Andheri,BATCH-202602-05
FEB-ORD-0016,PUN-F03,9000,2026-02-05T12:25:00.000Z,INR,Baner,BATCH-202602-01
FEB-ORD-0017,PUN-F03,400,2026-02-26T10:57:00.000Z,INR,Baner,BATCH-202602-02
FEB-ORD-0026,PUN-F03,4000,2026-02-03T12:04:00.000Z,INR,Baner,BATCH-202602-04
FEB-ORD-0015,MUM-F01,7350,2026-02-19T09:57:00.000Z,INR,Andheri,BATCH-202602-05
FEB-ORD-0010,NAG-F05,1200,2026-02-05T10:04:00.000Z,INR,Dharampeth,BATCH-202602-01
FEB-ORD-0042,MUM-F02,3225,2026-02-28T11:13:00.000Z,INR,Powai,BATCH-202602-04
FEB-ORD-0050,PUN-F03,750,2026-02-18T09:16:00.000Z,INR,Baner,BATCH-202602-04
FEB-ORD-0051,NAG-F05,1775,2026-02-13T09:05:00.000Z,INR,Dharampeth,BATCH-202602-04
FEB-ORD-0049,NAG-F05,9575,2026-02-08T13:14:00.000Z,INR,Dharampeth,BATCH-202602-04
FEB-ORD-0006,PUN-F03,3050,2026-02-27T10:12:00.000Z,INR,Baner,BATCH-202602-03
FEB-ORD-0065,MUM-F01,3250,2026-02-15T09:19:00.000Z,INR,Andheri,BATCH-202602-01
FEB-ORD-0003,MUM-F01,7225,2026-02-05T09:09:00.000Z,INR,Andheri,BATCH-202602-01
FEB-ORD-0067,MUM-F01,3650,2026-02-25T13:48:00.000Z,INR,Andheri,BATCH-202602-01
FEB-ORD-0023,NAG-F05,8400,2026-02-10T12:54:00.000Z,INR,Dharampeth,BATCH-202602-01
FEB-ORD-0008,MUM-F01,6450,2026-02-04T09:49:00.000Z,INR,Andheri,BATCH-202602-05
FEB-ORD-0060,NAG-F05,4225,2026-02-18T12:46:00.000Z,INR,Dharampeth,BATCH-202602-04
FEB-ORD-0029,PUN-F03,7525,2026-02-21T12:54:00.000Z,INR,Baner,BATCH-202602-02
FEB-ORD-0041,MUM-F02,4825,2026-02-07T10:30:00.000Z,INR,Powai,BATCH-202602-03
FEB-ORD-0061,PUN-F03,6950,2026-02-13T13:05:00.000Z,INR,Baner,BATCH-202602-04
FEB-ORD-0028,PUN-F03,4625,2026-02-19T13:09:00.000Z,INR,Baner,BATCH-202602-05
FEB-ORD-0030,MUM-F02,4325,2026-02-10T10:39:00.000Z,INR,Powai,BATCH-202602-01
FEB-ORD-0055,MUM-F02,6975,2026-02-09T09:18:00.000Z,INR,Powai,BATCH-202602-05
FEB-ORD-0074,MUM-F04,1050,2026-02-08T09:43:00.000Z,INR,Bandra,BATCH-202602-04
FEB-ORD-0027,NAG-F05,7000,2026-02-26T13:07:00.000Z,INR,Dharampeth,BATCH-202602-02
FEB-ORD-0073,MUM-F02,4200,2026-02-16T10:41:00.000Z,INR,Powai,BATCH-202602-02
FEB-ORD-0057,MUM-F01,900,2026-02-16T13:17:00.000Z,INR,Andheri,BATCH-202602-02
FEB-ORD-0002,MUM-F04,5225,2026-02-05T10:52:00.000Z,INR,Bandra,BATCH-202602-01
FEB-ORD-0005,MUM-F02,5350,2026-02-17T10:06:00.000Z,INR,Powai,BATCH-202602-03
FEB-ORD-0031,NAG-F05,7725,2026-02-24T12:59:00.000Z,INR,Dharampeth,BATCH-202602-05
FEB-ORD-0001,NAG-F05,9550,2026-02-28T10:44:00.000Z,INR,Dharampeth,BATCH-202602-04
FEB-ORD-0032,NAG-F05,825,2026-02-25T13:24:00.000Z,INR,Dharampeth,BATCH-202602-01
FEB-ORD-0011,NAG-F05,3825,2026-02-13T13:01:00.000Z,INR,Dharampeth,BATCH-202602-04
FEB-ORD-0069,PUN-F03,1125,2026-02-12T12:22:00.000Z,INR,Baner,BATCH-202602-03
FEB-ORD-0025,NAG-F05,5950,2026-02-23T13:52:00.000Z,INR,Dharampeth,BATCH-202602-04
FEB-ORD-0052,PUN-F03,2925,2026-02-01T10:50:00.000Z,INR,Baner,BATCH-202602-02
FEB-ORD-0056,MUM-F02,6050,2026-02-10T09:10:00.000Z,INR,Powai,BATCH-202602-01
FEB-ORD-0068,MUM-F01,800,2026-02-19T09:58:00.000Z,INR,Andheri,BATCH-202602-05
FEB-ORD-0018,MUM-F01,6725,2026-02-13T13:52:00.000Z,INR,Andheri,BATCH-202602-04
FEB-ORD-0054,MUM-F02,3800,2026-02-25T13:05:00.000Z,INR,Powai,BATCH-202602-01
FEB-ORD-0046,MUM-F02,7200,2026-02-17T13:16:00.000Z,INR,Powai,BATCH-202602-03
FEB-ORD-0012,MUM-F04,4950,2026-02-02T13:42:00.000Z,INR,Bandra,BATCH-202602-03
FEB-ORD-0038,MUM-F02,6650,2026-02-13T13:29:00.000Z,INR,Powai,BATCH-202602-04
FEB-ORD-0021,MUM-F04,2450,2026-02-07T11:05:00.000Z,INR,Bandra,BATCH-202602-03
FEB-ORD-0076,MUM-F02,8800,2026-02-18T11:36:00.000Z,INR,Powai,BATCH-202602-04
FEB-ORD-0070,MUM-F01,4500,2026-02-21T11:21:00.000Z,INR,Andheri,BATCH-202602-02
FEB-ORD-0040,NAG-F05,8975,2026-02-20T09:42:00.000Z,INR,Dharampeth,BATCH-202602-01
FEB-ORD-0039,NAG-F05,5700,2026-02-07T09:53:00.000Z,INR,Dharampeth,BATCH-202602-03
FEB-ORD-0014,MUM-F04,600,2026-02-16T09:39:00.000Z,INR,Bandra,BATCH-202602-02
FEB-ORD-0020,MUM-F01,1000,2026-02-25T10:23:00.000Z,INR,Andheri,BATCH-202602-01
FEB-ORD-0019,MUM-F01,2800,2026-02-24T12:28:00.000Z,INR,Andheri,BATCH-202602-05
FEB-ORD-0013,MUM-F01,3150,2026-02-13T12:30:00.000Z,INR,Andheri,BATCH-202602-04
FEB-ORD-0036,MUM-F02,950,2026-02-20T10:46:00.000Z,INR,Powai,BATCH-202602-01
FEB-ORD-0048,MUM-F02,9450,2026-02-24T11:16:00.000Z,INR,Powai,BATCH-202602-05
FEB-ORD-0059,MUM-F04,6450,2026-02-22T11:56:00.000Z,INR,Bandra,BATCH-202602-03
FEB-ORD-0044,NAG-F05,8350,2026-02-04T09:34:00.000Z,INR,Dharampeth,BATCH-202602-05
FEB-ORD-0063,NAG-F05,2475,2026-02-25T12:28:00.000Z,INR,Dharampeth,BATCH-202602-01
FEB-ORD-0075,NAG-F05,9700,2026-02-02T10:50:00.000Z,INR,Dharampeth,BATCH-202602-03
